claim_id,patient_id,provider_id,facility_id,payer_id,service_line_id,date_of_service,claim_submission_date,claim_status,billed_amount,allowed_amount,paid_amount,patient_responsibility,outstanding_amount,claim_age_days,is_denied,is_paid,is_open,is_high_value
CLM-000001,765,52,1,5,5,2025-07-27,2025-08-02,Paid,2538.44,1428.58,1316.03,112.55,0.0,332,False,True,False,False
CLM-000002,123,57,2,1,6,2026-03-05,2026-03-08,Closed,658.02,501.53,474.53,27.0,0.0,114,False,True,False,False
CLM-000003,704,14,3,3,4,2025-08-24,2025-08-26,Closed,2437.57,1826.52,1459.27,367.25,0.0,308,False,True,False,False
CLM-000004,444,101,1,6,1,2025-09-10,2025-09-14,Closed,369.67,237.37,125.89,29.71,0.0,289,False,True,False,False
CLM-000005,671,74,3,2,6,2025-06-02,2025-06-12,Closed,561.02,402.27,341.39,60.88,0.0,383,False,True,False,False
CLM-000006,91,106,7,7,5,2025-02-04,2025-02-11,Paid,777.19,339.4,339.4,0.0,0.0,504,True,True,False,False
CLM-000007,1088,17,6,7,3,2025-03-27,2025-04-05,Closed,3903.06,2039.05,1816.32,222.73,0.0,451,False,True,False,False
CLM-000008,833,88,6,1,2,2025-04-03,2025-04-04,Paid,649.94,430.8,358.91,71.89,0.0,452,False,True,False,False
CLM-000009,983,21,8,7,5,2026-04-11,2026-04-19,Closed,1458.28,643.15,495.37,147.78,0.0,72,False,True,False,False
CLM-000010,831,21,8,7,5,2025-03-14,2025-03-21,Closed,292.4,146.0,146.0,0.0,0.0,466,True,True,False,False
CLM-000011,682,25,5,8,3,2025-08-01,2025-08-14,Closed,2304.93,2304.93,2166.59,138.34,0.0,320,False,True,False,False
CLM-000012,688,62,7,5,3,2026-01-08,2026-01-09,Closed,1204.8,700.07,529.37,170.7,0.0,172,False,True,False,False
CLM-000013,228,82,2,6,5,2026-01-11,2026-01-14,Closed,624.63,374.4,284.15,90.25,0.0,167,False,True,False,False
CLM-000014,1149,86,2,5,1,2025-09-02,2025-09-11,Closed,130.5,88.46,82.56,5.9,0.0,292,False,True,False,False
CLM-000015,233,51,6,8,5,2025-11-25,2025-12-01,Closed,2330.67,2330.67,1134.98,492.92,0.0,211,False,True,False,False
CLM-000016,867,58,8,1,2,2026-05-13,2026-05-22,Denied,1314.78,859.17,0.0,0.0,859.17,39,True,False,True,False
CLM-000017,1079,107,4,7,5,2025-10-27,2025-11-04,Paid,482.93,250.51,231.76,18.75,0.0,238,False,True,False,False
CLM-000018,135,94,5,4,1,2025-07-03,2025-07-08,Closed,131.76,78.32,69.12,9.2,0.0,357,False,True,False,False
CLM-000019,158,46,7,6,1,2026-05-24,2026-05-27,Paid,416.68,271.88,211.67,60.21,0.0,34,False,True,False,False
CLM-000020,47,41,7,2,3,2026-03-31,2026-04-12,Paid,1756.23,1097.01,953.38,143.63,0.0,79,False,True,False,False
CLM-000021,44,68,8,1,1,2025-12-10,2025-12-17,Closed,128.21,87.89,67.46,20.43,0.0,195,False,True,False,False
CLM-000022,669,59,5,4,3,2025-05-16,2025-05-29,Partially Paid,2036.41,1049.64,562.03,0.0,487.61,397,True,True,True,False
CLM-000023,628,91,3,7,1,2025-10-23,2025-11-05,Paid,310.04,158.56,120.03,38.53,0.0,237,False,True,False,False
CLM-000024,583,45,7,5,5,2025-10-20,2025-10-23,Paid,864.99,506.47,459.21,47.26,0.0,250,False,True,False,False
CLM-000025,360,37,5,9,1,2025-02-12,2025-02-18,Closed,153.15,94.07,54.95,5.86,0.0,497,False,True,False,False
CLM-000026,758,82,2,1,5,2025-06-01,2025-06-07,Paid,853.54,615.88,479.03,136.85,0.0,388,False,True,False,False
CLM-000027,919,13,7,7,4,2025-01-26,2025-02-02,Paid,28414.88,12993.99,12993.99,0.0,0.0,513,True,True,False,True
CLM-000028,939,75,5,1,7,2026-06-04,2026-06-10,Submitted,293.32,222.35,0.0,0.0,222.35,20,False,False,True,False
CLM-000029,606,80,1,9,7,2025-05-31,2025-06-13,Closed,154.63,92.96,84.57,8.39,0.0,382,False,True,False,False
CLM-000030,906,22,8,5,5,2025-05-23,2025-06-03,Paid,653.47,395.11,354.72,40.39,0.0,392,False,True,False,False
CLM-000031,1129,24,7,1,2,2026-04-02,2026-04-08,Under Review,3048.13,2279.18,0.0,0.0,2279.18,83,False,False,True,False
CLM-000032,400,109,8,9,6,2025-10-12,2025-10-16,Closed,379.85,235.46,210.82,24.64,0.0,257,False,True,False,False
CLM-000033,47,27,8,4,5,2026-06-09,2026-06-16,Denied,1479.45,846.79,0.0,0.0,846.79,14,True,False,True,False
CLM-000034,1048,20,3,7,2,2026-03-14,2026-03-20,Paid,4825.77,2188.18,1798.52,389.66,0.0,102,False,True,False,False
CLM-000035,791,33,1,3,2,2026-04-02,2026-04-16,Closed,1385.4,930.8,714.44,216.36,0.0,75,False,True,False,False
CLM-000036,910,39,4,4,6,2025-06-17,2025-06-30,Paid,290.75,170.96,137.66,33.3,0.0,365,False,True,False,False
CLM-000037,869,23,7,6,1,2025-05-28,2025-06-01,Paid,151.68,85.8,70.54,15.26,0.0,394,False,True,False,False
CLM-000038,1076,70,2,1,7,2025-04-01,2025-04-02,Paid,1719.99,1120.7,867.02,253.68,0.0,454,False,True,False,False
CLM-000039,839,67,6,7,2,2026-04-19,2026-05-01,Appealed,430.8,223.06,0.0,0.0,223.06,60,True,False,True,False
CLM-000040,409,58,8,4,2,2025-02-13,2025-02-27,Closed,1099.15,663.19,533.2,129.99,0.0,488,False,True,False,False
CLM-000041,619,63,7,6,3,2026-04-20,2026-04-24,Closed,4043.47,2419.3,2132.94,286.36,0.0,67,False,True,False,False
CLM-000042,538,81,8,7,1,2026-03-04,2026-03-07,Paid,261.69,116.55,102.22,14.33,0.0,115,False,True,False,False
CLM-000043,1008,79,5,5,1,2026-05-20,2026-05-22,Closed,170.18,104.4,94.24,10.16,0.0,39,False,True,False,False
CLM-000044,985,103,1,7,5,2025-05-03,2025-05-09,Denied,815.59,430.23,0.0,0.0,430.23,417,True,False,True,False
CLM-000045,1050,32,7,1,6,2025-03-01,2025-03-04,Paid,201.71,147.95,139.11,8.84,0.0,483,False,True,False,False
CLM-000046,278,100,3,7,1,2025-12-31,2026-01-01,Closed,722.75,366.95,0.0,0.0,0.0,180,True,False,False,False
CLM-000047,594,77,3,1,3,2025-07-07,2025-07-20,Paid,13220.69,8906.96,7412.95,1494.01,0.0,345,False,True,False,True
CLM-000048,1114,93,3,3,6,2025-11-05,2025-11-10,Closed,595.9,397.19,304.75,92.44,0.0,232,False,True,False,False
CLM-000049,743,1,2,6,6,2025-05-21,2025-05-30,Paid,277.14,178.98,151.58,27.4,0.0,396,False,True,False,False
CLM-000050,844,46,7,2,1,2026-05-31,2026-06-04,Closed,663.49,433.88,398.82,35.06,0.0,26,False,True,False,False
