snapshot_id,claim_id,snapshot_date,outstanding_amount,aging_bucket
SNP-0000001,CLM-000436,2025-01-31,386.0,0-30
SNP-0000002,CLM-001058,2025-01-31,80.2,0-30
SNP-0000003,CLM-001190,2025-01-31,36.07,0-30
SNP-0000004,CLM-001649,2025-01-31,108.63,0-30
SNP-0000005,CLM-002013,2025-01-31,102.74,0-30
SNP-0000006,CLM-002079,2025-01-31,2267.41,0-30
SNP-0000007,CLM-002223,2025-01-31,26.04,0-30
SNP-0000008,CLM-002496,2025-01-31,15819.69,0-30
SNP-0000009,CLM-002918,2025-01-31,893.83,0-30
SNP-0000010,CLM-002979,2025-01-31,993.51,0-30
SNP-0000011,CLM-003071,2025-01-31,747.62,0-30
SNP-0000012,CLM-003330,2025-01-31,136.76,0-30
SNP-0000013,CLM-003595,2025-01-31,326.56,0-30
SNP-0000014,CLM-003777,2025-01-31,3035.52,0-30
SNP-0000015,CLM-004471,2025-01-31,1058.88,0-30
SNP-0000016,CLM-004480,2025-01-31,349.55,0-30
SNP-0000017,CLM-004650,2025-01-31,2176.58,0-30
SNP-0000018,CLM-004983,2025-01-31,288.88,0-30
SNP-0000019,CLM-005416,2025-01-31,3413.88,0-30
SNP-0000020,CLM-005796,2025-01-31,1054.79,0-30
SNP-0000021,CLM-005899,2025-01-31,67.66,0-30
SNP-0000022,CLM-000189,2025-02-28,94.22,0-30
SNP-0000023,CLM-000331,2025-02-28,974.04,0-30
SNP-0000024,CLM-000436,2025-02-28,386.0,31-60
SNP-0000025,CLM-000506,2025-02-28,1213.11,0-30
SNP-0000026,CLM-000597,2025-02-28,2217.15,0-30
SNP-0000027,CLM-001058,2025-02-28,80.2,31-60
SNP-0000028,CLM-001161,2025-02-28,409.03,0-30
SNP-0000029,CLM-001169,2025-02-28,1067.78,0-30
SNP-0000030,CLM-001190,2025-02-28,36.07,0-30
SNP-0000031,CLM-001345,2025-02-28,62.54,0-30
SNP-0000032,CLM-001649,2025-02-28,108.63,31-60
SNP-0000033,CLM-001701,2025-02-28,225.14,0-30
SNP-0000034,CLM-001802,2025-02-28,2392.51,0-30
SNP-0000035,CLM-001809,2025-02-28,16.92,0-30
SNP-0000036,CLM-002013,2025-02-28,102.74,31-60
SNP-0000037,CLM-002079,2025-02-28,2267.41,31-60
SNP-0000038,CLM-002223,2025-02-28,26.04,31-60
SNP-0000039,CLM-002496,2025-02-28,15819.69,31-60
SNP-0000040,CLM-002521,2025-02-28,70.89,0-30
SNP-0000041,CLM-002591,2025-02-28,21.09,0-30
SNP-0000042,CLM-002694,2025-02-28,518.6,0-30
SNP-0000043,CLM-002739,2025-02-28,1646.57,0-30
SNP-0000044,CLM-002918,2025-02-28,893.83,31-60
SNP-0000045,CLM-002979,2025-02-28,993.51,31-60
SNP-0000046,CLM-003071,2025-02-28,747.62,31-60
SNP-0000047,CLM-003330,2025-02-28,136.76,31-60
SNP-0000048,CLM-003364,2025-02-28,80.45,0-30
SNP-0000049,CLM-003396,2025-02-28,29.65,0-30
SNP-0000050,CLM-003595,2025-02-28,326.56,0-30
